barcode,score,predicted_doublet
AAACCCACAACGTTAC,0.189655,0
AAACGAAAGGGCATGT,0.069307,0
AAACGAACACTGGCCA,0.189655,0
AAAGAACCACTGTTCC,0.126935,0
AAAGGATTCATTCTTG,0.126935,0
AAAGGTAAGCTGTACC,0.024463,0
AAAGGTACACCAGGTC,0.126935,0
AAAGTGACAAGAGGCT,0.143508,0
AAATGGAAGCCATTCA,0.189655,0
AAATGGAAGTTTCTTC,0.101651,0
AAATGGAGTCCTACAA,0.223140,0
AACAAAGGTATAATGG,0.189655,0
AACAAAGGTTCTTGCC,0.126935,0
AACAACCAGGTGCCAA,0.163914,0
AACAACCCATGGCTAT,0.039033,0
AACAACCGTCGGTGAA,0.143508,0
AACAACCTCGACCACG,0.163914,0
AACAAGAGTCTGTCCT,0.189655,0
AACCAACGTCGGCCTA,0.143508,0
AACCACAGTGATGTAA,0.042213,0
AACCATGAGGGCTGAT,0.143508,0
AACCTTTAGAGCTGAC,0.189655,0
AACCTTTCAGTTTCAG,0.045685,0
AACCTTTTCATTTCCA,0.143508,0
AACGAAAAGCACTTTG,0.163914,0
AACTTCTGTCGTGATT,0.163914,0
AACTTCTTCATACAGC,0.022589,0
AAGACTCCAGGGTTGA,0.163914,0
AAGACTCGTACAGTCT,0.433735,1
AAGCATCCAGCAGATG,0.126935,0
AAGCATCGTACCAGAG,0.083271,0
AAGCGAGCAGTAACGG,0.091787,0
AAGCGAGGTTGCGTAT,0.223140,0
AAGGTAACACCGGCTA,0.143508,0
AAGTACCAGAATCGAT,0.143508,0
AAGTCGTGTCCCTCAT,0.223140,0
AAGTGAATCGTAGTGT,0.053691,0
AATAGAGAGCATTGAA,0.091787,0
AATAGAGTCATTTGTC,0.163914,0
AATCACGCAATCTCTT,0.268482,1
AATCACGGTCGTTTCC,0.163914,0
AATCGACAGGCCACTC,0.163914,0
AATCGACCAAGCTGTT,0.126935,0
AATCGTGAGAAACCCG,0.083271,0
AATGAAGCAGGACATG,0.143508,0
AATGACCTCTTTGCGC,0.223140,0
AATGCCATCGGTCGGT,0.083271,0
AATGGAACATAACTCG,0.020833,0
AATGGAAGTTTATGCG,0.143508,0
AATGGAATCAACACGT,0.126935,0
AATTTCCAGCGTACAG,0.126935,0
AATTTCCCACCGTCTT,0.189655,0
ACAAAGAGTAGACAGC,0.143508,0
ACAACCACAATGAACA,0.333333,1
ACACCAACATCCTGTC,0.189655,0
ACACCAATCCAGCAAT,0.083271,0
ACACGCGTCACTGATG,0.126935,0
ACACTGACACTGTCCT,0.113208,0
ACAGAAACAATAACGA,0.163914,0
ACAGCCGCAGCCCACA,0.143508,0
ACATCCCCAATGTGGG,0.223140,0
ACATCGACATCCTCAC,0.143508,0
ACATCGAGTATCAAGA,0.075843,0
ACATGCAAGCTGACTT,0.058338,0
ACCAAACAGTCCTGCG,0.163914,0
ACCAAACTCCCTCATG,0.189655,0
ACCAACACAACACACT,0.039033,0
ACCACAAAGCGTATAA,0.163914,0
ACCACAAGTTGCGGAA,0.091787,0
ACCCTCAAGCAAGCCA,0.113208,0
ACCGTTCCATGACAAA,0.189655,0
ACCGTTCGTTCTCCCA,0.075843,0
ACCGTTCTCACGGGCT,0.083271,0
ACCTACCCAGGGAGAG,0.143508,0
ACCTGAATCTAGCCAA,0.163914,0
ACCTGTCAGCTGGCCT,0.143508,0
ACCTGTCGTCGACTTA,0.163914,0
ACGCACGAGCATACTC,0.268482,1
ACGCACGCATCTTTCA,0.163914,0
ACGGGTCAGAAACTAC,0.101651,0
ACGGTCGAGCAAATCA,0.163914,0
ACGGTCGCAGGAATAT,0.143508,0
ACGTAACAGCTTCATG,0.268482,1
ACGTACAAGGAGGTTC,0.143508,0
ACGTAGTGTATGCAAA,0.189655,0
ACGTCCTAGCAGCAGT,0.163914,0
ACGTCCTCATCAGCTA,0.083271,0
ACTACGAAGCAGCGAT,0.024463,0
ACTACGAGTTTGATCG,0.223140,0
ACTACGATCGCTAATG,0.091787,0
ACTATGGCAATAGTCC,0.189655,0
ACTATGGCAATCAGCT,0.143508,0
ACTATGGGTCGAACGA,0.143508,0
ACTATGGTCGAACGAA,0.026467,0
ACTCCCAAGCATGTTC,0.126935,0
ACTCCCAGTGAGAACC,0.113208,0
ACTCCCATCACCTCTG,0.143508,0
ACTGATGTCCAAATGC,0.143508,0
ACTGTCCGTAGCTAAA,0.143508,0
ACTTAGGGTGCCTGAC,0.113208,0
ACTTAGGTCCAGTGCG,0.223140,0
ACTTATCCATCAGCAT,0.163914,0
ACTTATCCATGAGATA,0.075843,0
ACTTATCGTCATGGCC,0.143508,0
ACTTATCTCACGGGCT,0.030928,0
ACTTCCGGTGCCCACA,0.143508,0
ACTTCGCAGCCTCTTC,0.126935,0
AGAACAACAAATAAGC,0.022589,0
AGAAGCGGTGCAACGA,0.189655,0
AGAAGCGTCGCTAGCG,0.083271,0
AGAAGTATCTCATAGG,0.189655,0
AGACAAAGTGTTACAC,0.113208,0
AGACAGGAGCTGAGTG,0.163914,0
AGACAGGCAGCTCTGG,0.126935,0
AGACCATTCAGGAAAT,0.126935,0
AGACTCAAGCGATGCA,0.126935,0
AGAGAGCTCGCGTCGA,0.058338,0
AGATAGAAGAATTCAG,0.163914,0
AGATAGATCAGATTGC,0.091787,0
AGATAGATCCGTGGGT,0.016175,0
AGATCCACACACTTAG,0.163914,0
AGATGAAAGAATAACC,0.126935,0
AGATGCTAGCACTAAA,0.091787,0
AGATGCTGTCAGACGA,0.039033,0
AGCATCACAGGTGAGT,0.143508,0
AGCCAGCAGGTAGGCT,0.113208,0
AGCGATTAGGGTTGCA,0.091787,0
AGCGATTCACTTCTCG,0.189655,0
AGCGCCACAGGGAGAG,0.126935,0
AGCGTATGTTGTGTAC,0.189655,0
AGCGTCGGTAGGCAAC,0.030928,0
AGCTACACAAGAGATT,0.058338,0
AGCTACATCTACTATC,0.069307,0
AGCTCAATCCCGAAAT,0.163914,0
AGGAAATGTTTAAGGA,0.126935,0
AGGAATATCACCATGA,0.113208,0
AGGACTTAGTCAGGGT,0.163914,0
AGGAGGTAGACAGCTG,0.101651,0
AGGAGGTGTACGATTC,0.163914,0
AGGATAACAAGACAAT,0.143508,0
AGGATCTGTAGTATAG,0.189655,0
AGGATCTTCTCAACCC,0.143508,0
AGGGCCTCAATTCTTC,0.163914,0
AGGGCCTCACAGTCCG,0.113208,0
AGGGTGAAGAAGCTCG,0.049494,0
AGGGTTTGTCGTACTA,0.163914,0
AGGTCATCAGCTGGTC,0.101651,0
AGGTCATTCGCCCAGA,0.189655,0
AGGTCTAAGATTGGGC,0.143508,0
AGGTCTAAGGTTGAGC,0.039033,0
AGGTCTATCAAGGAGC,0.126935,0
AGGTCTATCCTATGGA,0.039033,0
AGGTTACAGACGGTCA,0.143508,0
AGGTTACCAGCGGTTC,0.143508,0
AGGTTGTCACCAAAGG,0.143508,0
AGGTTGTTCTGAACGT,0.049494,0
AGTACCACATTAAGCC,0.091787,0
AGTCAACCAAGTCCAT,0.163914,0
AGTCATGTCTCATGCC,0.113208,0
AGTCTCCGTCCTCCTA,0.126935,0
AGTGATCTCGAGTCCG,0.143508,0
AGTGTTGAGCGTTCCG,0.163914,0
AGTGTTGCATCGAACT,0.049494,0
AGTGTTGGTCTACGAT,0.163914,0
AGTGTTGTCGGCCTTT,0.126935,0
AGTTCCCGTTCTAACG,0.113208,0
AGTTCGAAGTTAACGA,0.163914,0
ATACCTTAGGCTGAAC,0.223140,0
ATACCTTCAGGTATGG,0.163914,0
ATAGAGACAGGCCCTA,0.143508,0
ATAGAGACAGGGATAC,0.075843,0
ATAGAGATCGTTCCCA,0.268482,1
ATAGGCTAGAAGTCTA,0.083271,0
ATCACGAAGAGGTATT,0.189655,0
ATCACGAAGTCTCGTA,0.163914,0
ATCACTTTCATCACTT,0.223140,0
ATCAGGTCACGACAAG,0.083271,0
ATCATTCCACAAGTGG,0.223140,0
ATCCATTAGACTTCAC,0.143508,0
ATCCATTAGAGTATAC,0.024463,0
ATCCATTCAAGAGGTC,0.163914,0
ATCCCTGTCTTCACAT,0.113208,0
ATCCGTCTCGCTCATC,0.024463,0
ATCGCCTAGGAAGTAG,0.163914,0
ATCGGATCACTACACA,0.049494,0
ATCGGCGAGACTCGAG,0.126935,0
ATCGGCGCAGTGAGCA,0.091787,0
ATCGTCCAGCATCCCG,0.143508,0
ATCGTCCCAGCGGATA,0.101651,0
ATCTCTAGTACAGTCT,0.163914,0
ATCTCTAGTCAGCTTA,0.126935,0
ATCTTCACACCCATAA,0.033419,0
ATGAAAGGTTATGACC,0.223140,0
ATGAAAGTCAGACCCG,0.189655,0
ATGATCGTCGATTCCC,0.042213,0
ATGCGATAGGATATAC,0.126935,0
ATGCGATAGTCTGCAT,0.126935,0
ATGCGATCAGCGACAA,0.039033,0
ATGGGAGAGCGTGTCC,0.113208,0
ATGGTTGAGCGCCTTG,0.143508,0
ATGGTTGCAGGTCAAG,0.163914,0
ATGTCCCCAGCGTTGC,0.163914,0
ATTACTCGTATTGACC,0.113208,0
ATTATCCAGGATGCGT,0.101651,0
ATTATCCGTCGGAAAC,0.143508,0
ATTCAGGCAAGATGTA,0.033419,0
ATTCATCCAAGCACCC,0.189655,0
ATTCATCTCACCTGGG,0.189655,0
ATTCCATTCCACATAG,0.113208,0
ATTCCCGCAGGACTTT,0.039033,0
ATTCGTTAGGAGACCT,0.268482,1
ATTCGTTGTAACAGGC,0.143508,0
ATTCTACAGAGCGACT,0.113208,0
ATTCTACGTTATCCAG,0.126935,0
ATTCTTGAGCGATCGA,0.033419,0
ATTCTTGTCTATCCAT,0.083271,0
ATTGGGTAGACTCCGC,0.113208,0
ATTGTTCCACTAGGTT,0.113208,0
ATTGTTCGTTATGTGC,0.143508,0
ATTTCACGTGGATCAG,0.069307,0
ATTTCTGCAAAGCTAA,0.189655,0
CAACCAATCCACGGGT,0.101651,0
CAACGATAGCGAGAAA,0.028617,0
CAACGATCAGATACTC,0.333333,1
CAACGATTCATTGCGA,0.143508,0
CAACGGCAGCAACCAG,0.143508,0
CAACGGCAGTATCCTG,0.126935,0
CAACGGCGTGACTCTA,0.223140,0
CAAGAGGCAGACATCT,0.101651,0
CAAGCTACAGCGTTTA,0.268482,1
CAATCGAAGACGAGCT,0.126935,0
CAATCGAAGGGCTTCC,0.163914,0
CAATCGAGTCCCGCAA,0.189655,0
CAATGACGTGGCAACA,0.268482,1
CACAACACAAACGGCA,0.143508,0
CACAGGCCAGATCACT,0.163914,0
CACATGAAGCTATCCA,0.163914,0
CACATGACAGTCCGTG,0.101651,0
CACATGATCTGGGTCG,0.143508,0
CACCAAAGTGGCTTAT,0.143508,0
CACGGGTAGTGCTAGG,0.223140,0
CACGTGGTCCCTCTCC,0.189655,0
CACGTTCTCGAACGGA,0.069307,0
CACTGAACAAGCTCTA,0.113208,0
CACTGGGAGGAACTCG,0.042213,0
CACTGGGAGTTAGAAC,0.101651,0
CACTGGGTCAAAGACA,0.189655,0
CACTGGGTCATGACAC,0.163914,0
CACTGTCCAACGATTC,0.163914,0
CACTTCGTCCATCTAT,0.143508,0
CAGAGCCTCGCTCATC,0.075843,0
CAGATACAGTATGGCG,0.189655,0
CAGATCATCTGCTTAT,0.223140,0
CAGATTGTCTCAGAAC,0.036112,0
CAGCAATGTTTGAACC,0.143508,0
CAGCCAGCAATCAGCT,0.143508,0
CAGCCAGCAGCGGTCT,0.113208,0
CAGCCAGTCGAGAGCA,0.101651,0
CAGGGCTCACTCAAGT,0.223140,0
CAGGGCTGTTGGCTAT,0.189655,0
CAGGTATGTATTGGCT,0.113208,0
CAGGTATGTCCTGAAT,0.143508,0
CAGTGCGCAATCGCAT,0.042213,0
CAGTGCGCATGACCCG,0.058338,0
CAGTGCGGTAGTTACC,0.223140,0
CAGTTCCTCAAGAGTA,0.223140,0
CAGTTCCTCACCTCGT,0.069307,0
CATAAGCGTGCCTTCT,0.163914,0
CATAAGCTCAAGTGTC,0.163914,0
CATAAGCTCGGTCTAA,0.075843,0
CATACAGGTATCCTCC,0.163914,0
CATACCCCACTATCGA,0.143508,0
CATACCCGTCCAACGC,0.163914,0
CATACCCGTGTGTCCG,0.143508,0
CATACCCGTTCGTACA,0.101651,0
CATACTTAGTCCGCGT,0.143508,0
CATCAAGAGGGACTGT,0.113208,0
CATCAAGTCTTCCACG,0.126935,0
CATCCCAAGAGCCCAA,0.189655,0
CATCGCTCACAAGCAG,0.163914,0
CATGAGTAGCAATTCC,0.223140,0
CATGAGTAGGCCATAG,0.101651,0
CATGAGTGTACCGTGC,0.058338,0
CATGCAAAGCCTCAGC,0.143508,0
CATGCAAAGCGTCAAG,0.024463,0
CATGCGGCACAAGCTT,0.091787,0
CATGCGGCATATGAAG,0.189655,0
CATGCGGTCTTCGGAA,0.042213,0
CATGCTCAGATGCAGC,0.083271,0
CATGCTCAGTGGATTA,0.163914,0
CATGCTCGTGTAACGG,0.143508,0
CATGCTCTCTCTCGAC,0.163914,0
CATGCTCTCTGGAAGG,0.033419,0
CATGGATGTCAAAGTA,0.101651,0
CATGGATTCCGTATAG,0.033419,0
CATGGTACATTCAGCA,0.028617,0
CATTCCGAGGAAACGA,0.126935,0
CATTGAGTCATTGCCC,0.113208,0
CCAAGCGGTATCAGCT,0.126935,0
CCAATGACAGCTCGGT,0.101651,0
CCAATGAGTAGTGTGG,0.126935,0
CCAATGAGTTCAGCGC,0.113208,0
CCAATTTCACCAGCTG,0.143508,0
CCAATTTTCGTGTCAA,0.101651,0
CCACAAATCGACCCAG,0.143508,0
CCACAAATCGATTGGT,0.083271,0
CCACCATCACTAACCA,0.143508,0
CCACCATGTTCGGGTC,0.022589,0
CCACGAGTCCAACTAG,0.163914,0
CCACTTGTCAACCGAT,0.126935,0
CCATAAGAGGGAACAA,0.033419,0
CCATAAGCAAGATGTA,0.049494,0
CCATAAGCACGCAGTC,0.069307,0
CCATAAGGTATGTCTG,0.126935,0
CCATCACCACACGTGC,0.189655,0
CCATCACTCACATCAG,0.083271,0
CCCAACTAGTATAGAC,0.189655,0
CCCAACTCATAGATGA,0.189655,0
CCCATTGGTAACGATA,0.143508,0
CCCATTGGTAATCAGA,0.113208,0
CCCGAAGTCGACATCA,0.189655,0
CCCTAACGTGTACGCC,0.333333,1
CCCTCAACAAATTAGG,0.113208,0
CCCTCAAGTTGCTCGG,0.163914,0
CCCTCTCCAGCTGTCG,0.189655,0
CCCTTAGAGATGATTG,0.126935,0
CCCTTAGCAGAGTTGG,0.163914,0
CCCTTAGGTTCGAACT,0.022589,0
CCGATCTTCCACAGGC,0.126935,0
CCGATGGTCAATCCAG,0.223140,0
CCGCAAGTCTCCCATG,0.083271,0
CCGGTAGCACCGTACG,0.083271,0
CCGGTGAAGAATAGTC,0.143508,0
CCGGTGACAAATACGA,0.163914,0
CCGTGAGAGTTTCGAC,0.143508,0
CCTAAGAAGCAGCACA,0.126935,0
CCTAAGAGTCAAGCCC,0.113208,0
CCTACGTAGCAGGCTA,0.268482,1
CCTATCGCATCCGTTC,0.163914,0
CCTCAACGTACCTAAC,0.223140,0
CCTCAACGTTGCTCCT,0.143508,0
CCTCAGTGTTGGATCT,0.189655,0
CCTCAGTTCGCACGAC,0.268482,1
CCTCAGTTCTCACCCA,0.143508,0
CCTCATGGTCTGCGCA,0.033419,0
CCTCATGGTGCTGTCG,0.163914,0
CCTCATGTCACGGGAA,0.189655,0
CCTCCAAAGAAAGCGA,0.113208,0
CCTCCAAGTCGTCAGC,0.083271,0
CCTGCATCAATAGTGA,0.143508,0
CCTGCATCAGACATCT,0.143508,0
CCTTCAGGTATGTCAC,0.223140,0
CCTTGTGAGGTCCCGT,0.163914,0
CCTTGTGAGTCACGCC,0.126935,0
CCTTTGGAGACAACAT,0.163914,0
CCTTTGGCAAGCAATA,0.189655,0
CCTTTGGCATGAAGGC,0.189655,0
CGAGAAGAGGGAGGGT,0.163914,0
CGAGAAGGTGCCCACA,0.163914,0
CGAGGCTAGATATGGC,0.028617,0
CGAGGCTCAGAACTCT,0.113208,0
CGAGGCTGTAGGAGGG,0.113208,0
CGAGTGCAGTGCGACA,0.126935,0
CGAGTGCTCGTTTACT,0.039033,0
CGAGTTAGTCGTCGGT,0.163914,0
CGATGCGTCTTGTTAC,0.028617,0
CGATGGCCAGACCATT,0.143508,0
CGCATAACAAATGAAC,0.039033,0
CGCATGGGTTCTGACA,0.069307,0
CGCCATTAGCGCACAA,0.113208,0
CGCCATTAGTAGGGTC,0.069307,0
CGGAACCCAGAAATCA,0.163914,0
CGGAACCGTCTCGGAC,0.189655,0
CGGAACCTCTTCGTAT,0.113208,0
CGGAATTAGGGTCAAC,0.036112,0
CGGAATTCACCTGCTT,0.268482,1
CGGAGAAGTATGACAA,0.036112,0
CGGGACTCAATGCAGG,0.163914,0
CGGGTCAAGATGAACT,0.126935,0
CGGGTCAGTCTGTAAC,0.143508,0
CGGGTCATCACCACAA,0.126935,0
CGGGTGTCAGGGTCTC,0.113208,0
CGGTCAGCATTCACAG,0.143508,0
CGGTCAGGTCCTCATC,0.163914,0
CGTAAGTAGGTAGTCG,0.126935,0
CGTAAGTTCAAGTCTG,0.189655,0
CGTAATGGTCTACAAC,0.189655,0
CGTCAAACACAACGAG,0.163914,0
CGTGAATCAGGTCCCA,0.163914,0
CGTGATACAATTGAAG,0.101651,0
CGTGCTTGTCATATGC,0.163914,0
CGTTAGACATCTAACG,0.163914,0
CGTTAGAGTGTGTGTT,0.091787,0
CGTTAGATCGTGAGAG,0.091787,0
CTAACCCCAGCAGAAC,0.020833,0
CTAACCCGTTACGCCG,0.101651,0
CTAACTTGTACTCGTA,0.143508,0
CTACATTAGACTGGGT,0.049494,0
CTACCCAAGGGAACAA,0.028617,0
CTACCCAGTCTCGGGT,0.143508,0
CTACCTGCAGGGTCTC,0.113208,0
CTACCTGGTCTAGGCC,0.143508,0
CTACGGGTCATGGGAG,0.189655,0
CTACTATCACGACGCT,0.223140,0
CTAGGTAAGCCGTTGC,0.083271,0
CTATAGGTCAAAGGAT,0.126935,0
CTATCCGAGAGCATCG,0.143508,0
CTATCCGAGCTCTATG,0.163914,0
CTATCTAAGCGCCATC,0.101651,0
CTATCTACACGACGAA,0.036112,0
CTATCTATCGACGTCG,0.189655,0
CTCAACCGTGCAATGG,0.113208,0
CTCAACCGTGGTGATG,0.075843,0
CTCAATTAGGCATCTT,0.013493,0
CTCAATTTCGGTAGAG,0.163914,0
CTCACTGTCCACGGGT,0.126935,0
CTCAGAACATGACTCA,0.143508,0
CTCAGTCAGCGCACAA,0.033419,0
CTCAGTCGTCGTGCCA,0.113208,0
CTCAGTCTCAGCTTGA,0.223140,0
CTCATCGCACAGCTTA,0.113208,0
CTCATCGCATATAGCC,0.143508,0
CTCATGCTCATTCTTG,0.033419,0
CTCCAACCAGCGTAGA,0.126935,0
CTCCACAGTCCGGCAT,0.268482,1
CTCCACATCCATACAG,0.042213,0
CTCCATGGTGCTGTCG,0.083271,0
CTCCCAAAGTTATGGA,0.163914,0
CTCCCTCCAAGCACAG,0.163914,0
CTCCCTCCAATAGTAG,0.143508,0
CTCCGATGTTGTGTTG,0.189655,0
CTCCGATTCATCACAG,0.163914,0
CTCCTCCGTATGCGGA,0.126935,0
CTCCTCCGTCAACCAT,0.143508,0
CTCCTTTTCAATGTCG,0.163914,0
CTCCTTTTCGCCGTGA,0.045685,0
CTCCTTTTCTCTCCTC,0.026467,0
CTCGAGGGTAATCAGA,0.189655,0
CTCTCGATCGGCTGAC,0.045685,0
CTGAATGTCAGATGCT,0.017636,0
CTGAGCGCATAGGTTC,0.053691,0
CTGAGGCCAATCTCTT,0.143508,0
CTGATCCAGGTCGCCT,0.083271,0
CTGCAGGTCCTGGTCT,0.049494,0
CTGCATCAGCCAAGGT,0.143508,0
CTGCATCGTGTAAACA,0.163914,0
CTGGCAGTCGATGGAG,0.101651,0
CTGGTCTAGACATATG,0.189655,0
CTGGTCTAGCCTGTCG,0.189655,0
CTGGTCTTCTAGCAAC,0.126935,0
CTGGTCTTCTCTGGTC,0.028617,0
CTGTAGAAGGTGAGAA,0.163914,0
CTGTAGACAACGTTAC,0.223140,0
CTGTAGAGTAGAGTTA,0.113208,0
CTGTCGTCACCGTCTT,0.058338,0
CTGTCGTGTTCCTAGA,0.101651,0
CTGTCGTGTTGGGACA,0.036112,0
CTGTGGGAGGATGAGA,0.028617,0
CTGTGGGGTTGCAACT,0.126935,0
CTTACCGTCTCTCGAC,0.268482,1
CTTCAATTCAGCAATC,0.143508,0
CTTCCGAAGTCCCAAT,0.163914,0
CTTCCTTGTGCAAGAC,0.143508,0
CTTCGGTCACAGAAGC,0.163914,0
CTTCTCTGTACAGGTG,0.143508,0
CTTGATTGTTCCTTGC,0.268482,1
CTTTCAATCATTGAGC,0.163914,0
CTTTCAATCCATGAGT,0.163914,0
GAAACCTTCTGGGCAC,0.163914,0
GAACACTAGTATAACG,0.189655,0
GAACACTGTACTCAAC,0.189655,0
GAACACTTCGGATTAC,0.189655,0
GAACGTTAGACAACTA,0.163914,0
GAACGTTCAGTTAGGG,0.030928,0
GAACGTTGTAAGGAGA,0.223140,0
GAACGTTTCGCCTCTA,0.126935,0
GAACTGTCAAACCATC,0.053691,0
GAAGAATAGCTAGAAT,0.101651,0
GAAGAATCAGAGTCTT,0.069307,0
GAAGCGAAGTGGTCAG,0.091787,0
GAAGCGATCATTACGG,0.026467,0
GAAGGGTCACAATGAA,0.223140,0
GAAGGGTGTACACTCA,0.113208,0
GAAGTAAGTCAGTCTA,0.083271,0
GAATAGAGTGTGTACT,0.163914,0
GAATCACAGCACCTGC,0.113208,0
GAATCACCAGCGATTT,0.101651,0
GACACGCAGGATACCG,0.091787,0
GACACGCAGTCCCGAC,0.045685,0
GACAGCCGTTCCGTTC,0.189655,0
GACAGCCTCCATACAG,0.101651,0
GACAGCCTCGTAATGC,0.143508,0
GACCAATGTAGTTAGA,0.163914,0
GACCCAGTCAAGGAGC,0.091787,0
GACCCTTTCGTTATCT,0.101651,0
GACCCTTTCTGACCCT,0.013493,0
GACCTTCAGCGCTGAA,0.223140,0
GACCTTCAGTCGCGAA,0.042213,0
GACCTTCAGTTAGAAC,0.101651,0
GACGCTGAGGATTCCT,0.189655,0
GACGCTGCAGTATTCG,0.033419,0
GACTATGAGTCGCGAA,0.101651,0
GACTCAAAGCATGCAG,0.039033,0
GACTCAAAGCTAGTTC,0.189655,0
GAGAAATGTACGGTTT,0.143508,0
GAGAAATGTGACTGAG,0.143508,0
GAGAAATTCACGACTA,0.042213,0
GAGACCCAGCTGCGAA,0.113208,0
GAGACTTAGAAGTGTT,0.189655,0
GAGAGGTCATTGGGAG,0.143508,0
GAGCTGCTCCGGCTTT,0.163914,0
GAGGCCTGTCACAGTT,0.143508,0
GAGGCCTGTTGTGTTG,0.223140,0
GAGGGATGTTCGGGTC,0.126935,0
GAGTCATGTAAGCTCT,0.045685,0
GAGTCATTCTTCCTAA,0.083271,0
GAGTCTAAGACCTTTG,0.223140,0
GAGTCTACAGCCGTTG,0.075843,0
GAGTGAGCAGTCAGCC,0.049494,0
GAGTGAGTCAGTCCGG,0.143508,0
GAGTGTTCAAGACTGG,0.126935,0
GAGTTGTCAAACGGCA,0.091787,0
GAGTTGTCATCGGTTA,0.126935,0
GAGTTTGCACAAGGTG,0.223140,0
GATCAGTGTCTGCCTT,0.333333,1
GATCATGGTGGTGATG,0.083271,0
GATCCCTGTAACGGTG,0.163914,0
GATCCCTTCACTCGAA,0.143508,0
GATCGTATCAGCGCAC,0.049494,0
GATGAGGGTCTAGGTT,0.101651,0
GATGAGGTCAATCGGT,0.143508,0
GATGATCTCCATTTCA,0.223140,0
GATGGAGCACGACCTG,0.075843,0
GATGGAGGTGAAGCGT,0.223140,0
GATTCGACAGCGTTGC,0.163914,0
GATTTCTAGTGAGGCT,0.113208,0
GATTTCTCACCAACAT,0.126935,0
GATTTCTCAGCCTATA,0.163914,0
GCAACATAGTTGTACC,0.143508,0
GCAACCGCAGTATTCG,0.163914,0
GCACGGTCACCCTGTT,0.028617,0
GCACGTGCAACACAGG,0.075843,0
GCACGTGGTTGGTAGG,0.163914,0
GCACTAACAAGTATCC,0.223140,0
GCAGCCACAAGGTACG,0.143508,0
GCAGCCACATGTTCGA,0.075843,0
GCAGCTGTCCCAGTGG,0.143508,0
GCAGGCTTCGATTCCC,0.113208,0
GCAGTTAGTGAGTGAC,0.163914,0
GCATCGGGTGCTATTG,0.083271,0
GCATCGGTCGACCTAA,0.126935,0
GCATCGGTCGCTAATG,0.036112,0
GCATCGGTCGGACGTC,0.113208,0
GCATGATTCAAGGCTT,0.163914,0
GCCAACGGTACCGTCG,0.063512,0
GCCAGCACAAAGCTAA,0.268482,1
GCCAGCACAACTCATG,0.075843,0
GCCAGCAGTGAAGCGT,0.024463,0
GCCAGCAGTTAAGAAC,0.113208,0
GCCAGCATCCACCTCA,0.042213,0
GCCAGGTCAATAACGA,0.024463,0
GCCAGGTCAGGACGAT,0.189655,0
GCCAGTGCAGAACATA,0.143508,0
GCCAGTGGTGTTCATG,0.143508,0
GCCAGTGTCCGTAGTA,0.049494,0
GCCATGGAGCCTCTGG,0.143508,0
GCCATTCCACGACGCT,0.113208,0
GCCCAGACAATGACCT,0.113208,0
GCCCAGAGTGACCGTC,0.091787,0
GCCCGAAAGCTCGACC,0.163914,0
GCCGATGAGCTCCCTT,0.163914,0
GCCGTGAAGTTAGTAG,0.143508,0
GCCGTGAGTTATGTGC,0.163914,0
GCCTGTTTCTGGAGAG,0.014797,0
GCGAGAAGTACTGTTG,0.075843,0
GCGAGAATCACTGGTA,0.163914,0
GCGAGAATCATTCCTA,0.075843,0
GCGATCGGTAGATTGA,0.163914,0
GCGATCGGTCTCGACG,0.101651,0
GCGGAAAGTGTAACGG,0.143508,0
GCGGAAATCAGACAAA,0.163914,0
GCGTGCAAGACCTCCG,0.113208,0
GCGTGCACAGTAGTTC,0.143508,0
GCTACCTAGTCATGGG,0.189655,0
GCTACCTTCTCGGGAC,0.189655,0
GCTCAAAAGGCCCGTT,0.063512,0
GCTCAAAAGTGACCTT,0.113208,0
GCTCAAATCGGTTCAA,0.143508,0
GCTGAATGTGGTTTGT,0.101651,0
GCTGCAGCACCGGCTA,0.143508,0
GCTTGGGAGCAGATAT,0.075843,0
GCTTGGGCAGGTCAAG,0.101651,0
GCTTTCGCAGCACACC,0.223140,0
GCTTTCGGTACTAAGA,0.113208,0
GGAAGTGCAAGATTGA,0.016175,0
GGAATCTGTGATTAGA,0.189655,0
GGAATGGAGGGCAATC,0.189655,0
GGAATGGCAAGGTACG,0.143508,0
GGAATGGCAGTCGGAA,0.163914,0
GGACGTCGTCGTGATT,0.163914,0
GGAGAACCAGGCTATT,0.069307,0
GGAGCAAAGAGTGTTA,0.163914,0
GGAGCAAAGTACCCTA,0.189655,0
GGAGGATAGACTCTAC,0.101651,0
GGAGGATAGATCGGTG,0.143508,0
GGAGGTACAAGAGATT,0.058338,0
GGAGGTACAAGTTCGT,0.091787,0
GGATGTTAGTTAGAAC,0.143508,0
GGCACGTAGAGCAACC,0.126935,0
GGCGTCAAGTGATCGG,0.163914,0
GGCTGTGTCGTGTGGC,0.333333,1
GGCTTGGCACGTGAGA,0.126935,0
GGCTTTCTCACTTTGT,0.189655,0
GGCTTTCTCTCTGGTC,0.026467,0
GGGAAGTCAAGACTGG,0.223140,0
GGGACAACATTCTCTA,0.113208,0
GGGACAATCGGCTGAC,0.143508,0
GGGACCTAGCATGCAG,0.101651,0
GGGACCTGTACCCAGC,0.223140,0
GGGACCTTCTTGGATG,0.163914,0
GGGACTCAGTCAATCC,0.126935,0
GGGACTCCACAACCGC,0.126935,0
GGGACTCGTGCCCTTT,0.333333,1
GGGAGTACAGCTGTGC,0.163914,0
GGGAGTACATGACAGG,0.163914,0
GGGAGTAGTGTAGGAC,0.143508,0
GGGAGTAGTGTTTGCA,0.091787,0
GGGATCCCACAATCTG,0.126935,0
GGGATCCTCACTCGAA,0.113208,0
GGGCCATCAAAGACTA,0.091787,0
GGGCCATCAGAGGCAT,0.075843,0
GGGCGTTCAGAACTTC,0.189655,0
GGGCGTTTCGACATAC,0.143508,0
GGGTATTAGGTTTACC,0.042213,0
GGGTCACTCAATCAGC,0.223140,0
GGGTGAACAGTCTGGC,0.113208,0
GGGTGTCCATTAAGCC,0.163914,0
GGGTTATTCGACGAGA,0.075843,0
GGTAACTAGCAGATAT,0.075843,0
GGTAACTCATGCCATA,0.126935,0
GGTAACTGTGCGACAA,0.075843,0
GGTAATCGTCTGCATA,0.143508,0
GGTAGAGAGATTAGTG,0.143508,0
GGTCACGTCTGCTGAA,0.163914,0
GGTCTGGAGCTAGTTC,0.069307,0
GGTCTGGTCCCGAAAT,0.126935,0
GGTGAAGCAAATGAGT,0.223140,0
GGTGAAGGTTGTCAGT,0.143508,0
GGTGATTCACGAGAAC,0.126935,0
GGTGATTTCTATACGG,0.333333,1
GGTGTCGCATAGCTGT,0.101651,0
GGTGTCGTCGAACGGA,0.268482,1
GGTTGTACAGTGCCTG,0.091787,0
GGTTGTATCCATTCGC,0.036112,0
GTAACACGTCCTCATC,0.189655,0
GTAAGTCGTTACCCAA,0.075843,0
GTAAGTCTCGATACTG,0.143508,0
GTAATCGAGACATAGT,0.126935,0
GTAATCGAGACGCCCT,0.030928,0
GTAATCGCAGGTCAAG,0.223140,0
GTAATCGTCCCTCTAG,0.223140,0
GTAATGCGTTTCGTGA,0.143508,0
GTAATGCTCTAGCCAA,0.101651,0
GTACAACGTAGACAGC,0.189655,0
GTAGAAAAGCTCTTCC,0.143508,0
GTAGAGGCACGTACAT,0.016175,0
GTAGAGGCAGGTCAGA,0.143508,0
GTAGCTAAGCACACCC,0.030928,0
GTAGCTATCAGGTGTT,0.143508,0
GTAGGAGGTGGAGAAA,0.268482,1
GTAGTACGTATCGCTA,0.019185,0
GTATTTCAGCGTTGTT,0.113208,0
GTATTTCTCGCAATTG,0.268482,1
GTCAAACAGGAATTAC,0.126935,0
GTCAAACCACGTAGTT,0.042213,0
GTCAAACGTGCCTATA,0.163914,0
GTCAAGTCACTGAGGA,0.223140,0
GTCACTCTCGAGCCTG,0.163914,0
GTCAGCGAGTGAGGTC,0.069307,0
GTCAGCGCACACACTA,0.101651,0
GTCATGACAATACAGA,0.045685,0
GTCATTTCAGACCTGC,0.333333,1
GTCATTTCAGATCCAT,0.075843,0
GTCCACTCACCGTACG,0.163914,0
GTCCCATAGCGCCTAC,0.143508,0
GTCCTCACATCGCCTT,0.189655,0
GTCCTCAGTCACAATC,0.026467,0
GTCGAATAGCGCCTCA,0.163914,0
GTCGAATAGGTCATTC,0.189655,0
GTCGCGACAGCGTGAA,0.063512,0
GTCGTAAAGATGCTTC,0.058338,0
GTCGTTCAGGCATGGT,0.223140,0
GTCGTTCGTCAGTCTA,0.069307,0
GTCTAGATCCCTTGGT,0.113208,0
GTCTTTACACTGAGGA,0.113208,0
GTCTTTACATCTCATT,0.143508,0
GTGAGTTGTTTGGCTA,0.053691,0
GTGATGTCAGTTAGGG,0.075843,0
GTGCAGCCAAAGACTA,0.163914,0
GTGCTTCAGCGTGTTT,0.143508,0
GTGGCGTGTCGTATGT,0.063512,0
GTGGGAAAGTTCTCTT,0.075843,0
GTGGTTACAATAGTAG,0.143508,0
GTGGTTACATGTGGCC,0.036112,0
GTGGTTATCAACACCA,0.126935,0
GTGGTTATCATCGACA,0.223140,0
GTGTAACAGATCCCAT,0.268482,1
GTGTAACCAGCAGGAT,0.126935,0
GTGTAACTCTTGCGCT,0.083271,0
GTGTCCTAGAATTCAG,0.143508,0
GTGTCCTCACATCATG,0.143508,0
GTGTGGCAGGCCTGCT,0.163914,0
GTGTGGCGTTCGGACC,0.039033,0
GTGTTAGAGTAATACG,0.143508,0
GTGTTCCAGACAACAT,0.268482,1
GTGTTCCGTCGTAATC,0.039033,0
GTTACCCGTAACCCGC,0.042213,0
GTTACCCGTTATAGCC,0.268482,1
GTTACCCTCCTGATAG,0.223140,0
GTTACGAGTGCAACAG,0.113208,0
GTTACGATCTTGGTCC,0.223140,0
GTTAGTGCAATGAGCG,0.063512,0
GTTAGTGGTGTTATCG,0.163914,0
GTTATGGAGCCGTAAG,0.113208,0
GTTATGGCAGCAGATG,0.075843,0
GTTCATTAGCACTCAT,0.189655,0
GTTCCGTGTCAACACT,0.163914,0
GTTCCGTTCTTAGCAG,0.189655,0
GTTCTATCAGGTCCGT,0.163914,0
GTTGAACCACGCCAGT,0.223140,0
GTTGAACTCGAGAAAT,0.223140,0
GTTGCGGGTGCCCAGT,0.126935,0
GTTGCTCTCATTACTC,0.163914,0
GTTGCTCTCTGTCGCT,0.030928,0
GTTGTAGAGAAGCGCT,0.042213,0
GTTGTCCAGTCAATCC,0.163914,0
GTTTACTCAAGCTACT,0.143508,0
GTTTGGATCCGTCAAA,0.143508,0
TAACGACAGGTGAGCT,0.223140,0
TAACGACCAGGTAGTG,0.143508,0
TAAGCACAGTGAACAT,0.143508,0
TAAGCACCAAATCAGA,0.143508,0
TAAGCCAAGGTTGCCC,0.189655,0
TAAGCGTGTCAAAGTA,0.113208,0
TAAGCGTGTTGGGTAG,0.143508,0
TAAGTCGAGAAAGTCT,0.189655,0
TAATCTCAGAAACCCG,0.143508,0
TAATTCCGTAACACCT,0.268482,1
TACAACGGTGTCGATT,0.143508,0
TACACCCAGCAAGGAA,0.026467,0
TACCGAAGTCGCAGTC,0.069307,0
TACCGGGGTTCTTGCC,0.113208,0
TACCGGGTCACCTGTC,0.045685,0
TACCTCGAGACCTGGA,0.033419,0
TACCTCGGTATCGAGG,0.143508,0
TACCTGCCAGTAGTGG,0.163914,0
TACCTGCTCTAGCCAA,0.113208,0
TACGCTCGTACTCAAC,0.223140,0
TACGGTAAGCGATGCA,0.113208,0
TACGGTACAGCTCCTT,0.143508,0
TACTGCCCACGCGCTA,0.223140,0
TACTTCACAGTTGGTT,0.113208,0
TACTTGTAGGTCACAG,0.268482,1
TACTTGTCATCGAACT,0.143508,0
TAGACCAGTCGTGATT,0.126935,0
TAGAGTCCAACCGCCA,0.101651,0
TAGAGTCGTACCGGCT,0.063512,0
TAGAGTCGTCCATAGT,0.143508,0
TAGATCGAGAGAGCCT,0.268482,1
TAGATCGCAGCCGGTT,0.143508,0
TAGATCGGTGGAAATT,0.020833,0
TAGCACACAGGAATCG,0.143508,0
TAGCACAGTGATGGCA,0.143508,0
TAGGAGGCATAATCGC,0.143508,0
TAGGAGGGTTAGGCTT,0.113208,0
TAGGTTGCATGGGTTT,0.069307,0
TAGGTTGGTCCATAGT,0.143508,0
TAGTGCACAAGAAACT,0.143508,0
TAGTGCATCGACATAC,0.189655,0
TATACCTTCGTGCGAC,0.223140,0
TATATCCAGGTAAAGG,0.163914,0
TATATCCCATCATCCC,0.189655,0
TATCTGTCACTGAGGA,0.189655,0
TATGTTCTCCGTCAAA,0.143508,0
TATTGCTCAGTGTGGA,0.126935,0
TCAAGCATCCGCTGTT,0.126935,0
TCAATCTGTGTTGATC,0.113208,0
TCAATCTTCTCTGGTC,0.101651,0
TCAATTCTCCCTAGGG,0.113208,0
TCACACCGTCGAGCTC,0.143508,0
TCACGCTAGCTTACGT,0.163914,0
TCACGCTGTGACAGGT,0.075843,0
TCACTCGGTGGGAGAG,0.143508,0
TCACTCGGTTGCCGAC,0.033419,0
TCAGCAACAGGAATCG,0.223140,0
TCAGCCTAGGATCACG,0.143508,0
TCAGGGCTCAGAGTGG,0.223140,0
TCAGGTAAGGACAGCT,0.143508,0
TCAGTCCCAGACCTGC,0.143508,0
TCAGTGACAAGCAGGT,0.223140,0
TCAGTTTCAGCCGTTG,0.189655,0
TCATACTTCGGCATTA,0.189655,0
TCATATCAGACCAACG,0.039033,0
TCATCCGAGAAGGATG,0.091787,0
TCATCCGCAAATGCTC,0.091787,0
TCATCCGCAATACAGA,0.268482,1
TCATGAGAGTCAGCCC,0.075843,0
TCATGCCAGGGTTAAT,0.223140,0
TCATGCCGTGGAACAC,0.143508,0
TCATGCCTCTGAATCG,0.083271,0
TCATGTTCACCGTGAC,0.143508,0
TCATTCACAACGGCTC,0.143508,0
TCATTCAGTCTCGCGA,0.189655,0
TCATTGTCACAAATCC,0.020833,0
TCATTTGCATCTTCGC,0.017636,0
TCATTTGGTCTACGAT,0.163914,0
TCCAGAAGTTAGGACG,0.189655,0
TCCATCGCACATTCGA,0.126935,0
TCCATCGTCAAACGTC,0.113208,0
TCCATGCGTTAAGCAA,0.126935,0
TCCCACAAGTCATCGT,0.163914,0
TCCCATGCACAGTATC,0.163914,0
TCCCATGGTTGTGCCG,0.189655,0
TCCCATGGTTTAGTCG,0.126935,0
TCCGAAACACGTGTGC,0.143508,0
TCCGAAATCAGAACCT,0.101651,0
TCCGAAATCTCTCGAC,0.113208,0
TCCGATCTCGGTTCAA,0.143508,0
TCCGGGACACTATCGA,0.020833,0
TCCTCCCTCACACGAT,0.163914,0
TCCTCCCTCGAGTTGT,0.053691,0
TCCTCCCTCTTCTTCC,0.049494,0
TCCTCGACACGTGTGC,0.143508,0
TCCTCGACATAAGCGG,0.189655,0
TCCTCGAGTTATCTTC,0.143508,0
TCCTCTTAGGGTTTCT,0.268482,1
TCCTCTTGTCGAATGG,0.113208,0
TCCTCTTGTTCTAACG,0.143508,0
TCCTGCACAGCAGGAT,0.126935,0
TCCTTCTAGCGATTCT,0.126935,0
TCCTTTCCATTAAAGG,0.113208,0
TCGAACACAAGCTGTT,0.143508,0
TCGAACATCCCTCGAT,0.113208,0
TCGAAGTGTTGCGAAG,0.039033,0
TCGACGGCAGAAGCGT,0.045685,0
TCGACGGGTGACTCTA,0.143508,0
TCGATTTAGTCAGAGC,0.189655,0
TCGCAGGCACGGAAGT,0.189655,0
TCGCTCAGTTTGGAGG,0.143508,0
TCGGATACAGGTGTGA,0.143508,0
TCGGATATCAGGACAG,0.126935,0
TCGGGTGCAGACAAAT,0.045685,0
TCGGTCTTCACCGGGT,0.143508,0
TCGTAGATCGTGAGAG,0.030928,0
TCGTGCTCACTGTGAT,0.069307,0
TCTAACTTCCTCAGGG,0.223140,0
TCTACATCACAGCATT,0.126935,0
TCTACATCACTTCATT,0.126935,0
TCTACCGTCCACGGAC,0.143508,0
TCTATACCATCGCTCT,0.189655,0
TCTATACTCGACCATA,0.143508,0
TCTATCAAGAGTGTGC,0.091787,0
TCTCACGTCACGGGAA,0.189655,0
TCTCAGCGTAGTCCTA,0.101651,0
TCTCAGCTCAGTCAGT,0.069307,0
TCTCTGGAGCACTCTA,0.163914,0
TCTGGCTGTAGTCTGT,0.143508,0
TCTGTCGCATACTTTC,0.143508,0
TCTTAGTTCATGACAC,0.143508,0
TCTTCCTAGCTTCGTA,0.189655,0
TCTTCCTGTGTGTGGA,0.113208,0
TGAACGTCAGTGTATC,0.223140,0
TGAATCGTCCGTAGGC,0.113208,0
TGAATGCGTAGCGCTC,0.143508,0
TGAATGCTCGCCTATC,0.143508,0
TGACAGTAGCACACCC,0.143508,0
TGACAGTTCATGCGGC,0.101651,0
TGACAGTTCTTCCTAA,0.143508,0
TGACCCTGTAACCCGC,0.189655,0
TGACCCTTCGCCGAAC,0.163914,0
TGACGCGCAAGGCAAC,0.039033,0
TGACTCCCACACACTA,0.053691,0
TGAGGAGGTCATCAGT,0.020833,0
TGAGGGATCTCATGGA,0.101651,0
TGAGGTTTCCATTGGA,0.045685,0
TGAGTCATCATCAGTG,0.101651,0
TGATCAGCACTGCACG,0.091787,0
TGATCAGTCGGCTTCT,0.091787,0
TGATCTTGTCGTTTCC,0.045685,0
TGATGCAAGGTCGTGA,0.223140,0
TGATGCATCGTCGCTT,0.163914,0
TGATGGTAGACTCTTG,0.113208,0
TGATGGTCACATGTTG,0.101651,0
TGATTTCCACATGGTT,0.143508,0
TGCACGGAGCGTCAAG,0.126935,0
TGCAGATTCCATTTCA,0.101651,0
TGCAGATTCGACCAAT,0.101651,0
TGCAGGCCATCCGATA,0.069307,0
TGCAGGCTCCGGTAGC,0.268482,1
TGCAGTATCGTGTCAA,0.189655,0
TGCATCCGTGTTCCAA,0.101651,0
TGCATGAAGTTTGCTG,0.189655,0
TGCATGAGTCTTGAAC,0.101651,0
TGCGACGCAATTGCAC,0.113208,0
TGCGGGTAGTAGAATC,0.113208,0
TGCGGGTGTATTTCTC,0.083271,0
TGCTCCAAGACGACTG,0.126935,0
TGCTCCACATTCTGTT,0.189655,0
TGCTCCAGTTGCTAGT,0.042213,0
TGCTGAAAGTAGACAT,0.083271,0
TGGAGAGAGGCAATGC,0.101651,0
TGGAGGACACGGCGTT,0.143508,0
TGGAGGAGTCCATCTC,0.126935,0
TGGATCACATCAGCGC,0.126935,0
TGGATGTGTTAAGAAC,0.163914,0
TGGCGTGGTTTAGACC,0.189655,0
TGGGAGAGTCCTGTCT,0.223140,0
TGGGAGATCACCTACC,0.113208,0
TGGGATTTCTCGTCGT,0.126935,0
TGGGCGTAGAGGGTAA,0.189655,0
TGGGCGTTCTCTTGCG,0.223140,0
TGGGCTGAGACATGCG,0.101651,0
TGGTACAAGGCGTCCT,0.223140,0
TGGTAGTGTTATCCAG,0.126935,0
TGGTGATCAGATTAAG,0.049494,0
TGGTTAGCACCCTAGG,0.163914,0
TGTAAGCGTTGCTCAA,0.101651,0
TGTACAGAGCCGAATG,0.143508,0
TGTACAGAGCGCCTCA,0.101651,0
TGTCCACGTCGAAACG,0.083271,0
TGTCCACTCGTCGGGT,0.268482,1
TGTCCTGAGAGGTTTA,0.189655,0
TGTCCTGGTGCGAGTA,0.036112,0
TGTCCTGGTGGCTTGC,0.091787,0
TGTGAGTGTTAAGTCC,0.163914,0
TGTGCGGCAAGACGGT,0.163914,0
TGTGGCGCACTGTGTA,0.113208,0
TGTGGCGGTACGCTAT,0.113208,0
TGTGTGACATTCCTAT,0.163914,0
TGTTCATCAGAGGACT,0.113208,0
TGTTCCGAGTGGTTGG,0.091787,0
TGTTCCGGTGGTATGG,0.091787,0
TGTTCTACAGTTACCA,0.014797,0
TGTTGGAGTTCGAACT,0.163914,0
TTAATCCCATGCGGTC,0.028617,0
TTACAGGAGAGGCGTT,0.083271,0
TTACAGGCACCGCTAG,0.101651,0
TTACAGGGTCCTCCTA,0.223140,0
TTACCATCAAGAAACT,0.268482,1
TTACCATGTGAGGAAA,0.223140,0
TTACGCCGTTACGTAC,0.126935,0
TTACGTTGTAAGGCCA,0.033419,0
TTAGTCTAGACGATAT,0.143508,0
TTAGTCTGTACTCGCG,0.126935,0
TTCAATCAGCCATGCC,0.101651,0
TTCACCGAGACTTCGT,0.053691,0
TTCACGCTCCAAATGC,0.143508,0
TTCAGGAAGCATATGA,0.163914,0
TTCAGGACATGAATAG,0.268482,1
TTCATGTCACTTGAAC,0.163914,0
TTCCACGGTCGCCACA,0.113208,0
TTCCGGTCAGTGTACT,0.091787,0
TTCCGGTTCCCATGGG,0.126935,0
TTCCGGTTCCGTAATG,0.113208,0
TTCCTAAAGACTTCAC,0.045685,0
TTCCTCTCATACCATG,0.113208,0
TTCCTCTGTACAGGTG,0.126935,0
TTCCTCTGTATCACGT,0.189655,0
TTCCTTCAGGTTTACC,0.143508,0
TTCGATTAGTGGTCAG,0.030928,0
TTCGATTGTCCGATCG,0.091787,0
TTCGCTGTCGATACTG,0.143508,0
TTCGGTCTCGAGAATA,0.069307,0
TTCTAACTCCGTGGTG,0.189655,0
TTCTAGTGTGTCGCTG,0.069307,0
TTCTCTCCATAAGCAA,0.143508,0
TTCTGTAAGCGATTCT,0.091787,0
TTCTGTATCTCCCAAC,0.163914,0
TTGAACGAGATACAGT,0.113208,0
TTGAACGGTAATCAAG,0.083271,0
TTGATGGCACTCGATA,0.163914,0
TTGCATTCACGGTGTC,0.189655,0
TTGCATTGTCCATCTC,0.083271,0
TTGCATTGTTGCATAC,0.126935,0
TTGCCTGAGACTTAAG,0.223140,0
TTGCCTGCAAACACGG,0.026467,0
TTGCGTCCACGCGTCA,0.143508,0
TTGGATGCAAGGTCTT,0.189655,0
TTGGATGGTGAGTGAC,0.163914,0
TTGGGATTCGGCAGTC,0.143508,0
TTGGGCGAGACATAAC,0.113208,0
TTGGGCGGTTGCCTAA,0.126935,0
TTGGGTAAGGCCACTC,0.163914,0
TTGGGTAAGGTGCGAT,0.030928,0
TTGGGTAAGTCGCCCA,0.143508,0
TTGTGGACACACCGAC,0.126935,0
TTGTGGATCTACGCGG,0.126935,0
TTGTGTTAGACCTTTG,0.163914,0
TTGTGTTAGTAGATCA,0.069307,0
TTGTTCAAGCTGGCCT,0.083271,0
TTGTTTGAGTTGGGAC,0.163914,0
TTGTTTGCACCAAATC,0.143508,0
TTGTTTGGTACCAGAG,0.223140,0
TTGTTTGGTTCTCCTG,0.223140,0
TTGTTTGTCGTTGTTT,0.033419,0
TTTACGTCAGGCGAAT,0.020833,0
TTTACGTTCATCACAG,0.075843,0
TTTAGTCCACTGAGGA,0.101651,0
TTTCACATCGGACGTC,0.045685,0
TTTCACATCTAGGCCG,0.075843,0
TTTCATGAGTGATTCC,0.143508,0
TTTCGATCATCCGTGG,0.028617,0
TTTGATCAGACTCCGC,0.163914,0
TTTGATCCATCCTCAC,0.126935,0
TTTGGAGAGTAGGCCA,0.126935,0
TTTGGAGCACCGCTGA,0.101651,0
TTTGGTTCAGGGAATC,0.075843,0
